did,date
1,2024-05-10
2,2024-05-12
3,2024-05-15
4,2024-05-18
5,2024-05-20
6,2024-05-22
7,2024-05-25
8,2024-05-28
9,2024-05-30
10,2024-06-02
11,2024-06-05
12,2024-06-08
13,2024-06-10
14,2024-06-12
15,2024-06-15
16,2024-06-18
17,2024-06-20
18,2024-06-22
19,2024-06-25
20,2024-06-28
21,2024-06-30
22,2024-07-03
23,2024-07-06
24,2024-07-08
25,2024-07-10
26,2024-07-12
27,2024-07-15
28,2024-07-18
29,2024-07-20
30,2024-07-22
31,2024-07-25
32,2024-07-28
33,2024-07-30
34,2024-08-02
35,2024-08-05
36,2024-08-08
37,2024-08-10
38,2024-08-12
39,2024-08-15
40,2024-08-18
41,2024-08-20
42,2024-08-22
43,2024-08-25
44,2024-08-28
45,2024-08-30
46,2024-09-02
47,2024-09-05
48,2024-09-08
49,2024-09-10
50,2024-05-10
